8071,Academy of Art College
8072,Adams State College
8073,Adelphi University
8074,Adler School of Professional Psychology
8075,Adrian College
8076,Agnes Scott College
8077,Air Force Institute of Technology
8078,Alabama Agricultural and Mechanical University
8079,Alabama State University
8080,Alaska Bible College
8081,Alaska Pacific University
8082,Albany College of Pharmacy
8083,Albany Law School
8084,Albany Medical Center
8085,Albany State University
8086,Albertus Magnus College
8087,Albion College
8088,Albright College
8089,Alcorn State University
8090,Alderson Broaddus College
8091,Alfred Adler Graduate School
8092,Alfred University
8093,Alice Lloyd College
8094,Allegheny College
8095,Allen University
8096,Alma College
8097,Alvernia College
8098,Alverno College
8099,Ambassador University
8100,Amber University
8101,American Academy of Nutrition
8102,American Business & Technology University
8103,American Conservatory of Music
8104,American Conservatory Theater
8105,American-European School of Management 
8106,American Film Institute Center for Advanced Film and Television Studies
8107,American Indian College
8108,American InterContinental University - Atlanta
8109,American InterContinental University - Ft. Lauderdale
8110,American InterContinental University - Georgia
8111,American InterContinental University Online
8112,American International College
8113,American Jewish University
8114,American Military University
8115,American Public University
8116,American University
8117,American World University
8118,Amherst College
8119,Anderson College
8120,Anderson University
8121,Andon College - Modesto
8122,Andon College - Stockton
8123,Andrew Jackson University
8124,Andrews University
8125,Angelo State University
8126,Anna Maria College
8127,Antioch New England Graduate School
8128,Antioch University
8129,Antioch University Los Angeles
8130,Antioch University Santa Barbara
8131,Antioch University Seattle
8132,Appalachian Bible College
8133,Appalachian State University
8134,Aquinas College
8135,Arcadia University
8136,Argosy University
8137,Argosy University - Hawaii
8138,Arizona Christian University
8139,Arizona State University
8140,"Arizona State University, Downtown Phoenix Campus"
8141,"Arizona State University, Polytechnic Campus"
8142,"Arizona State University, Tempe Campus"
8143,"Arizona State University, West Campus"
8144,Arkansas State University
8145,"Arkansas State University, Beebe"
8146,"Arkansas State University, Mountain Home"
8147,"Arkansas State University, Newport"
8148,Arkansas Tech University
8149,Arlington Baptist College
8150,Armstrong Atlantic State University
8151,Armstrong University
8152,Art Academy of Cincinnati
8153,Art Center College of Design
8154,Arthur D. Little Management Education Institute
8155,Art Institute of Charlotte
8156,Art Institute of Southern California
8157,Asbury College
8158,Ashland University
8159,Assumption College
8160,Athenaeum of Ohio
8161,Athens State College
8162,Atlanta Christian College
8163,Atlanta College of Art
8164,Atlantic International University
8165,Atlantic Union College
8166,Atlantic University
8167,Auburn University
8168,Auburn University at Montgomery
8169,Audrey Cohen College
8170,Augsburg College
8171,Augustana College
8172,Augusta State University
8173,Aurora University
8174,Austin College
8175,Austin Community College
8176,Austin Peay State University
8177,Ave Maria University
8178,Averett College
8179,Avila College
8180,Azusa Pacific University
8181,Babson College
8182,Baker College of Auburn Hills
8183,Baker College of Cadillac
8184,Baker College of Flint
8185,Baker College of Mount Clemens
8186,Baker College of Muskegon
8187,Baker College of Owosso
8188,Baker College of Port Huron
8189,Baker University
8190,Baldwin-Wallace College
8191,Ball State University
8192,Baltimore Hebrew University
8193,Baltimore International College
8194,Bank Street College of Education
8195,Baptist Bible College of Missouri
8196,Baptist Bible College of Pennsylvania
8197,Barat College
8198,Barber-Scotia College
8199,Barclay College
8200,Bard College
8201,Bard Graduate Center for Studies in the Decorative Arts
8202,Barnard College - Columbia University
8203,Barry University
8204,Bartlesville Wesleyan College
8205,Barton College
8206,Bastyr University
8207,Bates College
8208,Bauder College
8209,Baylor College of Dentistry
8210,Baylor College of Medicine
8211,Baylor University
8212,Belhaven College
8213,Bellarmine College
8214,Bellevue University
8215,Bellin College of Nursing
8216,Belmont Abbey College
8217,Belmont University
8218,Beloit College
8219,Bemidji State Univeristy
8220,Benedict College
8221,Benedictine College
8222,Benedictine University
8223,"Benedictine University, Springfield College in Illinois"
8224,Bennett College
8225,Bennington College
8226,Bentley College
8227,Berea College
8228,Berean University of the Assemblies of God
8229,Berklee College of Music
8230,Berne University
8231,Berry College
8232,Bethany College California
8233,Bethany College Kansas
8234,Bethany College West Virginia
8235,Bethel College McKenzie
8236,Bethel College Mishawaka
8237,Bethel College Newton
8238,Beth-El College of Nursing and Health Sciences
8239,Bethel College St. Paul
8240,Bethune-Cookman College
8241,Biola University
8242,Birmingham-Southern College
8243,Blackburn College
8244,Black Hawk College
8245,Black Hills State University
8246,Blessing-Rieman College of Nursing
8247,Bloomfield College
8248,Bloomsburg University of Pennsylvania
8249,Bluefield College
8250,Bluefield State College
8251,Blue Mountain College
8252,Bluffton College
8253,Bob Jones University
8254,Boise Bible College
8255,Boise State University
8256,Boricua College
8257,Boston Architectural Center
8258,Boston College
8259,Boston University
8260,Bowdoin College
8261,Bowie State University
8262,Bowling Green State University
8263,"Bowling Green State University, Firelands"
8264,Bradley University
8265,Brandeis University
8266,Brandman University
8267,Brenau University
8268,Brescia University
8269,Brevard College
8270,Brewton-Parker College
8271,Breyer State University (Virtual University)
8272,Briar Cliff College
8273,Bridgewater College
8274,Bridgewater State College
8275,Brigham Young University
8276,Brigham Young University Hawaii
8277,Brooklyn Law School
8278,Brooks Institute of Photography
8279,Brown University
8280,Brunswick Community College
8281,Bryan College
8282,Bryant and Stratton College
8283,Bryant University
8284,Bryn Athyn College of the New Church
8285,Bryn Mawr College
8286,Bucknell University
8287,Buena Vista University
8288,Burlington College
8289,Butler University
8290,Cabrini College
8291,Caldwell College
8292,California Baptist College
8293,California Coast University
8294,California College for Health Sciences
8295,California College of Arts and Crafts
8296,California College of Podiatric Medicine
8297,California College San Diego
8298,California Institute of Integral Studies
8299,California Institute of Technology
8300,California Institute of the Arts
8301,California Lutheran University
8302,California Maritime Academy
8303,California Polytechnic State University - San Luis Obispo
8304,California School of Professional Psychology - Berkley/Alameda
8305,California School of Professional Psychology - Fresno
8306,California School of Professional Psychology - Los Angels
8307,California School of Professional Psychology - San Diego
8308,California State Polytechnic University - Pomona
8309,"California State University, Bakersfield"
8310,"California State University, Channel Islands"
8311,"California State University, Chico"
8312,"California State University, Dominguez Hills"
8313,"California State University, Fresno"
8314,"California State University, Fullerton"
8315,"California State University, Hayward"
8316,"California State University, Long Beach"
8317,"California State University, Los Angeles"
8318,"California State University, Monterey Bay"
8319,"California State University, Northridge"
8320,"California State University, Sacramento"
8321,"California State University, San Bernadino"
8322,"California State University, San Marcos"
8323,"California State University, Stanislaus"
8324,California University of Management and Sciences
8325,California University of Pennsylvania
8326,California Western School of Law
8327,Calumet College of St. Joseph
8328,Calvary Bible College
8329,Calvin College
8330,Cambridge College
8331,Cameron University
8332,Campbellsville College
8333,Campbell University
8334,Canisius College
8335,Capella University
8336,Capital University
8337,Capital University Law School
8338,Capitol College
8339,Cardinal Stritch University
8340,Carleton College
8341,Carlos Albizu University
8342,Carlow College
8343,Carnegie Mellon University
8344,Carroll College Helena
8345,Carroll College Waukesha
8346,Carson-Newman College
8347,Carthage College
8348,Case Western Reserve University
8349,Castleton State College
8350,Catawba College
8351,Catholic Theological Union
8352,Cedar Crest College
8353,Cedarville College
8354,Centenary College
8355,Centenary College of Louisiana
8356,Center for Humanistic Studies
8357,Central Baptist College
8358,Central Bible College
8359,Central Christian College of the Bible
8360,Central College
8361,Central Connecticut State University
8362,Central Methodist College
8363,Central Michigan University
8364,Central State University
8365,Central Washington University
8366,Centre College
8367,Chadron State College
8368,Chaminade University of Honolulu
8369,Champlain College
8370,Chapman University
8371,Charles R. Drew University of Medicine and Science
8372,Charleston Southern University
8373,Charter Oak State College
8374,Chatham College
8375,Chestnut Hill College
8376,Cheyney University of Pennsylvania
8377,Chicago State University
8378,Chowan College
8379,Christendom College
8380,Christian Brothers University
8381,Christian Heritage College
8382,Christopher Newport University
8383,Circleville Bible College
8384,City University
8385,"City University of New York, Bernard M. Baruch College"
8386,"City University of New York, Brooklyn College"
8387,"City University of New York, City College"
8388,"City University of New York, College of Staten Island"
8389,City University of New York (CUNY) System
8390,"City University of New York, Graduate School and University Center"
8391,"City University of New York, Hunter College"
8392,"City University of New York, John Jay College of Criminal Justice"
8393,"City University of New York, Lehman College"
8394,"City University of New York, Medgar Evers College"
8395,City University of New York Medical School / Sophie Davis School of Biomedical Education
8396,"City University of New York, New York City Technical College"
8397,"City University of New York, Queens College"
8398,"City University of New York, School of Law at Queens College"
8399,"City University of New York, York College"
8400,Claflin College
8401,Claremont Graduate University
8402,Claremont Lincoln University
8403,Claremont McKenna College
8404,Clarion University
8405,Clark Atlanta University
8406,Clarke College
8407,Clarkson College
8408,Clarkson University
8409,Clark University
8410,Clayton College & State University
8411,Clearwater Christian College
8412,Cleary College
8413,Clemson University
8414,"Cleveland Chiropractic College, Kansas City"
8415,"Cleveland Chiropractic College, Los Angeles"
8416,Cleveland Institute of Art
8417,Cleveland Institute of Music
8418,Cleveland State University
8419,Coastal Carolina University
8420,Coe College
8421,Cogswell Polytechnical College
8422,Coker College
8423,Colby College
8424,Colby-Sawyer College
8425,Coleman College
8426,Colgate University
8427,"CollegeAmerica, Denver"
8428,"CollegeAmerica, Phoenix"
8429,College for Creative Studies
8430,College for Financial Planning
8431,College for Lifelong Learning
8432,College Misericordia
8433,College of Aeronautics
8434,College of Charleston
8435,College of DuPage
8436,College of Idaho
8437,College of Mount St. Joseph
8438,College of Mount St. Vincent
8439,College of New Rochelle
8440,College of Notre Dame
8441,College of Notre Dame of Maryland
8442,College of Osteopathic Medicine of the Pacific (Western University of Health Sciences)
8443,College of St. Benedict and St. John's University
8444,College of St. Catherine
8445,College of St. Elizabeth
8446,College of St. Joseph
8447,College of St. Mary
8448,College of St. Rose
8449,College of St. Scholastica
8450,College of the Atlantic
8451,College of the Holy Cross
8452,College of the Ozarks
8453,College of Visual Arts
8454,College of William and Mary
8455,Colorado Christian University
8456,Colorado College
8457,Colorado School of Mines
8458,Colorado State University
8459,Colorado State University-Pueblo
8460,Colorado Technical University
8461,Columbia College Chicago
8462,Columbia College Hollywood
8463,Columbia College of Missouri
8464,Columbia College South Carolina
8465,Columbia Commonwealth University
8466,Columbia International University
8467,Columbia Southern University
8468,Columbia Union College
8469,Columbia University
8470,Columbus College of Art and Design
8471,Columbus State University
8472,Columbus University
8473,Community College of Denver
8474,Concord College
8475,"Concordia College, Ann Arbor"
8476,"Concordia College, Bronxville"
8477,"Concordia College, Moorhead"
8478,"Concordia College, Selma"
8479,"Concordia College, Seward"
8480,"Concordia College, St. Paul"
8481,"Concordia University, Austin"
8482,"Concordia University, Irvine"
8483,"Concordia University, Mequon"
8484,"Concordia University, Portland"
8485,"Concordia University, River Forest"
8486,Connecticut College
8487,Converse College
8488,Conway School of Landscape Design
8489,Coppin State College
8490,Cornell College
8491,Cornell University
8492,Cornish College of the Arts
8493,Cosmopolitan University
8494,Covenant College
8495,Cranbrook Academy of Art
8496,Creighton University
8497,Crichton College
8498,Crown College
8499,Culver-Stockton College
8500,Cumberland College
8501,Cumberland University
8502,Curry College
8503,Daemen College
8504,Dakota State University
8505,Dakota Wesleyan University
8506,Dallas Baptist University
8507,Dallas Christian College
8508,Dana College
8509,Daniel Webster College
8510,Danville Area Community College
8511,Dartmouth College
8512,Darton College
8513,"Davenport College of Business, Grand Rapids"
8514,"Davenport College of Business, Kalamazoo"
8515,"Davenport College of Business, Lansing"
8516,Davidson College
8517,Davis and Elkins College
8518,Deaconess College of Nursing
8519,Delaware State University
8520,Delaware Valley College
8521,Delta International University
8522,Delta State University
8523,Denison University
8524,Denver Paralegal Institute
8525,Denver Technical College
8526,DePaul University
8527,DePauw University
8528,DeSales University
8529,Design Institute of San Diego
8530,Detroit College of Business
8531,Detroit College of Business - Flint
8532,Detroit College of Business - Warren
8533,Detroit College of Law
8534,"DeVry Institute of Technology, Chicago"
8535,"DeVry Institute of Technology, Columbus"
8536,"DeVry Institute of Technology, Decatur"
8537,"DeVry Institute of Technology, DuPage"
8538,"DeVry Institute of Technology, Irving"
8539,"DeVry Institute of Technology, Kansas City"
8540,"DeVry Institute of Technology, Phoenix"
8541,"DeVry Institute of Technology, Pomona"
8542,Dickinson College
8543,Dickinson State University
8544,Dillard University
8545,Divine Word College
8546,Dixie College
8547,Doane College
8548,Dominican College
8549,Dominican College of San Rafael
8550,Dominican School of Philosophy and Theology
8551,Dominican University
8552,Dominion College
8553,Dordt College
8554,Dowling College
8555,Drake University
8556,Drew University
8557,Drexel University
8558,Drury College
8559,Duke University
8560,Duluth Business University
8561,Duquesne University
8562,D'Youville College
8563,Earlham College
8564,EarthNet Institute
8565,East Carolina University
8566,East Central University
8567,Eastern College
8568,Eastern Connecticut State University
8569,Eastern Conservatory of Music
8570,Eastern Illinois University
8571,Eastern Kentucky University
8572,Eastern Mennonite University
8573,Eastern Michigan University
8574,Eastern Nazarene College
8575,Eastern New Mexico University
8576,Eastern Oregon University
8577,Eastern Virginia Medical School
8578,Eastern Washington University
8579,East Stroudsburg State University
8580,East Tennessee State University
8581,East Texas Baptist University
8582,East-West University
8583,Eckerd College
8584,Edgewood College
8585,Edinboro University of Pennsylvania
8586,Edison Community College
8587,Edward Waters College
8588,Elizabeth City State University
8589,Elizabethtown College
8590,Elmhurst College
8591,Elmira College
8592,Elms College
8593,Elon College
8594,Embry-Riddle Aeronautical University
8595,"Embry Riddle Aeronautical University, Prescott"
8596,Emerson College
8597,Emmanuel College
8598,Emmanuel College Georgia
8599,Emmaus Bible College
8600,Emory & Henry College
8601,Emory University
8602,Emporia State University
8603,Erskine College
8604,Eugene Bible College
8605,Eureka College
8606,Evangel University
8607,Evergreen State College
8608,Excel College
8609,Excelsior College
8610,Fairfield University
8611,"Fairleigh Dickinson University, Florham-Madison Campus"
8612,"Fairleigh Dickinson University, Teaneck-Hackensack Campus"
8613,Fairmont State College
8614,Fashion Institute of New York
8615,Faulkner University
8616,Fayetteville State University
8617,Felician College
8618,Ferris State University
8619,Ferrum College
8620,Fielding Institute
8621,Finch University of Health Sciences - The Chicago Medical School
8622,Finlandia University
8623,Fisher College
8624,Fisk University
8625,Fitchburg State College
8626,Flagler College
8627,Florida Agricultural and Mechanical University
8628,Florida Atlantic University
8629,Florida Christian College
8630,Florida Community College at Jacksonville
8631,Florida Gulf Coast University
8632,Florida Institute of Technology
8633,Florida International University
8634,Florida Memorial College
8635,"Florida Metropolitan University, Fort Lauderdale College"
8636,"Florida Metropolitan University, Tampa College"
8637,"Florida Metropolitan University, Tampa College Brandon"
8638,"Florida Metropolitan University, Tampa College Lakeland"
8639,Florida Southern College
8640,Florida State University
8641,Florida University of Medicine
8642,Fontbonne College
8643,Foothill-De Anza Community College District
8644,Fordham University
8645,Forest Institute of Professional Psychology
8646,Fort Hays State University
8647,Fort Lewis College
8648,Fort Valley State College
8649,Framingham State College
8650,Franciscan School of Theology
8651,Franciscan University of Steubenville
8652,Francis Marion University
8653,Franklin and Marshall College
8654,Franklin College
8655,Franklin Pierce College
8656,Franklin Pierce Law Center
8657,Franklin University
8658,Franklin W. Olin College of Engineering
8659,Frank Lloyd Wright School of Architecture
8660,Fred Hutchinson Cancer Research Center
8661,Freed-Hardeman University
8662,Free University (Virginia Theological University)
8663,Free Will Baptist Bible College
8664,Fresno City College
8665,Fresno Pacific University
8666,Friends University
8667,Frostburg State University
8668,Full Sail University
8669,Furman University
8670,Gallaudet University
8671,Gannon University
8672,Gardner Webb University
8673,Gemological Institute of America
8674,Geneva College
8675,George Fox University
8676,George Mason University
8677,Georgetown College
8678,Georgetown University
8679,George Washington University
8680,George Wythe College
8681,Georgia Baptist College of Nursing
8682,Georgia College & State University
8683,Georgia Health Sciences University
8684,Georgia Institute of Technology
8685,Georgian Court College
8686,Georgia School of Professional Psychology
8687,Georgia Southern University
8688,Georgia Southwestern University
8689,Georgia State University
8690,Gettysburg College
8691,Glendale University College of Law
8692,Glenville State College
8693,Goddard College
8694,God's Bible School and College
8695,Golden Gate University
8696,Goldey-Beacom College
8697,Gonzaga University
8698,Gordon College
8699,Gordon Conwell Theological Seminary
8700,Goshen College
8701,Goucher College
8702,Governors State University
8703,Grace Bible College
8704,Grace College
8705,Graceland College
8706,Grace University
8707,Graduate Theological Union
8708,Grambling State University
8709,Grand Canyon University
8710,Grand Valley State University
8711,Grand View College
8712,Grantham University
8713,Gratz College
8714,Great Lakes Christian College
8715,Green Mountain College
8716,Greensboro College
8717,Greenville College
8718,Grinnell College
8719,Grove City College
8720,Guilford College
8721,Gustavus Adolphus College
8722,Gwynedd-Mercy College
8723,Hagerstown Community College
8724,Hamilton College
8725,Hamilton Technical College
8726,Hamline University
8727,Hampden-Sydney College
8728,Hampshire College
8729,Hampton College
8730,Hampton University
8731,Hannibal-Lagrange College
8732,Hanover College
8733,Harding University
8734,Harding University Graduate School of Religion
8735,Hardin-Simmons University
8736,Harrington Institute of Interior Design
8737,Harris-Stowe State University
8738,Hartford College for Women
8739,Hartford Graduate Center (Rensselaer at Hartford)
8740,Hartwick College
8741,Harvard University
8742,Harvey Mudd College
8743,Hastings College
8744,Haverford College
8745,Hawaii Pacific University
8746,Heartland Baptist Bible College
8747,Hebrew College
8748,Heidelberg College
8749,Henderson State Univerisity
8750,Hendrix College
8751,Heritage College
8752,Hesser College
8753,High Point University
8754,Hilbert College
8755,Hillsdale College
8756,Hiram College
8757,Hobart and William Smith Colleges
8758,Hobe Sound Bible College
8759,Hodges University
8760,Hofstra University
8761,Hollins University
8762,Holy Apostles College
8763,Holy Cross College
8764,Holy Family College
8765,Holy Names College
8766,Hood College
8767,Hope College
8768,Hope International University
8769,Houghton College
8770,Houston Baptist University
8771,Howard Payne University
8772,Howard University
8773,Humboldt State University
8774,Humphreys College
8775,Huntington College
8776,Huron University
8777,Husson College
8778,Huston-Tillotson College
8779,ICI University
8780,ICT College
8781,Idaho State University
8782,Iglobal University
8783,Illinois Benedictine University
8784,Illinois College
8785,Illinois College of Optometry
8786,Illinois Institute of Technology
8787,Illinois School of Professional Psychology - Chicago Campus
8788,Illinois School of Professional Psychology - Meadows Campus
8789,Illinois State University
8790,Illinois Valley Community College
8791,Illinois Wesleyan University
8792,Immaculata University
8793,IMPAC University
8794,Indiana Institute of Technologyy
8795,Indiana State University
8796,Indiana University at Bloomington
8797,Indiana University at Kokomo
8798,Indiana University at South Bend
8799,Indiana University - East
8800,Indiana University - Northwest
8801,Indiana University of Pennsylvania
8802,Indiana University-Purdue University at Columbus
8803,Indiana University-Purdue University at Fort Wayne
8804,Indiana University-Purdue University at Indianapolis
8805,Indiana University - Southeast
8806,Indiana University (System)
8807,Indiana Wesleyan University
8808,Institute of Clinical Social Work
8809,Institute of Paper Science and Technology
8810,Institute of Textile Technology
8811,Institute of Transpersonal Psychology
8812,IntelliTec College - Grand Junction
8813,International Academy of  Merchandising and Design Chicago
8814,International Academy of  Merchandising and Design Tampa
8815,International Bible College
8816,International College
8817,Iona College
8818,Iowa State University of Science and Technology
8819,Iowa Wesleyan College
8820,Ithaca College
8821,ITT Technical Institute Fort Wayne
8822,ITT Technical Institute Indianapolis
8823,ITT Technical Institute Maitland
8824,ITT Technical Institute Portland
8825,ITT Technical Institute West Covina
8826,Jackson State University
8827,Jacksonville State University
8828,Jacksonville University
8829,James Madison University
8830,Jamestown College
8831,Jarvis Christian College
8832,John Brown University
8833,John Carroll University
8834,John F. Kennedy University
8835,John Marshall Law School
8836,John Paul the Great Catholic University
8837,Johns Hopkins University
8838,Johnson Bible College
8839,Johnson County Community College
8840,Johnson C. Smith University
8841,Johnson State College
8842,Johnson & Wales University
8843,"Johnson & Wales University, Charleston"
8844,John Wesley College
8845,Jones College
8846,Jones International University
8847,Judson College Elgin
8848,Judson College Marion
8849,Juniata College
8850,Kalamazoo College
8851,Kankakee Community College
8852,Kansas City Art Institute
8853,Kansas State University
8854,Kansas Wesleyan University
8855,Kaplan University
8856,Katharine Gibbs School
8857,Kean University of New Jersey
8858,Keck Graduate Institute of Applied Life Sciences
8859,Keene State College
8860,Keller Graduate School of Management
8861,Kendall College
8862,Kendall College of Art and Design
8863,Kennesaw State University
8864,Kent State University
8865,Kent State University - Ashtabula
8866,Kent State University - East Liverpool
8867,Kent State University - Salem
8868,Kent State University - Stark
8869,Kent State University - Trumbull
8870,Kent State University - Tuscarawas
8871,Kentucky Christian College
8872,Kentucky State University
8873,Kentucky Wesleyan College
8874,Kenyon College
8875,Kettering University (GMI)
8876,Keuka College
8877,King College
8878,King's College
8879,Kirksville College of Osteopathic Medicine
8880,Kirkwood Community College
8881,Knox College
8882,Knoxville College
8883,Kutztown University of Pennsylvania
8884,Laboratory Institute of Merchandising
8885,Lafayette College
8886,Lagrange College
8887,Lake Erie College
8888,Lake Forest College
8889,Lake Forest Graduate School of Management
8890,Lakeland College
8891,Lake Superior State University
8892,Lakeview College of Nursing
8893,Lamar University
8894,Lamar University - Port Arthur
8895,Lambuth University
8896,Lancaster Bible College
8897,Lander University
8898,Lane College
8899,Langston University
8900,La Roche College
8901,La Salle University
8902,Lasell College
8903,La Sierra University
8904,Laurus Technical Institute
8905,Lawrence Technological University
8906,Lawrence University
8907,Lebanon Valley College
8908,Lees-McRae College
8909,Lee University
8910,Lehigh Univervsity
8911,Le Moyne College
8912,Le Moyne-Owen College
8913,Lenoir-Rhyne College
8914,Lesley University
8915,Letourneau University
8916,Lewis and Clark College
8917,Lewis & Clark Community College
8918,Lewis-Clark State College
8919,Lewis University
8920,Liberty University
8921,Life Chiropractic College West
8922,Life University
8923,Limestone College
8924,Lincoln Memorial University
8925,Lincoln University Missouri
8926,Lincoln University Pennsylvania
8927,Lincoln University San Francisco
8928,Lindenwood University
8929,Lindsey Wilson College
8930,Linfield College
8931,Lipscomb University
8932,Livingstone College
8933,Lock Haven University of Pennsylvania
8934,Logan College of Chiropractic
8935,Loma Linda University
8936,Long Island University
8937,"Long Island University, C.W. Post Campus"
8938,"Long Island University, Southampton College"
8939,Longwood College
8940,Loras College
8941,Los Angeles College of Chiropractic
8942,Louisiana Baptist University
8943,Louisiana College
8944,Louisiana State University and Agricultural and Mechanical College
8945,Louisiana State University at Alexandria
8946,Louisiana State University at Eunice
8947,Louisiana State University Health Sciences Center New Orleans
8948,Louisiana State University in Shreveport
8949,Louisiana Tech University
8950,Lourdes College
8951,Loyola College in Maryland
8952,Loyola Marymount University
8953,Loyola University New Orleans
8954,Loyola University of Chicago
8955,Lubbock Christian University
8956,Lutheran Bible Institute of Seattle
8957,Luther College
8958,Lycoming College
8959,Lynchburg College
8960,Lyndon State College
8961,Lynn University
8962,Lyon College
8963,Macalester College
8964,MacMurray College
8965,Macon State College
8966,Madison University (Distance Education)
8967,Madonna University
8968,Maharishi University of Management
8969,Maine College of Art
8970,Maine Maritime Academy
8971,Malone College
8972,Manchester College
8973,Manhattan Christian College
8974,Manhattan College
8975,Manhattan School of Music
8976,Manhattanville College
8977,Mankato State University
8978,Mansfield University of Pennsylvania
8979,Maranatha Baptist Bible College
8980,Marian College
8981,Marian College of Fond Du Lac
8982,Marietta College
8983,Marist College
8984,Marlboro College
8985,Marquette University
8986,Marshall University
8987,Mars Hill College
8988,Martin Luther College
8989,Martin Methodist College
8990,Martin University
8991,Mary Baldwin College
8992,Marycrest International University
8993,Marygrove College
8994,Marylhurst University
8995,Marymount College New York
8996,Marymount Manhattan College
8997,Marymount University
8998,Maryville College
8999,Maryville University of St. Louis
9000,Mary Washington College
9001,Marywood University
9002,Massachusetts College of Art
9003,Massachusetts College of Liberal Arts
9004,Massachusetts College of Pharmacy and Allied Health Sciences
9005,Massachusetts Institute of Technology
9006,Massachusetts Maritime Academy
9007,Massachusetts School of Professional Psychology
9008,Mayo Graduate School
9009,Mayo Medical School
9010,Mayville State University
9011,McKendree College
9012,McMurry University
9013,McNeese State University
9014,McPherson College
9015,Medaille College
9016,Medcenter One College of Nursing
9017,Medical College of Georgia
9018,Medical College of Ohio
9019,Medical College of Pennsylvania and Hahnemann University
9020,Medical College of Wisconsin
9021,Medical University of South Carolina
9022,Meharry Medical College
9023,Memphis College of Art
9024,Menlo College
9025,Mennonite College of Nursing
9026,Mercer University
9027,"Mercer University, Cecil B. Day Campus"
9028,Mercy College
9029,Mercyhurst College
9030,Meredith College
9031,Merrimack College
9032,Mesa State College
9033,Messiah College
9034,Methodist College
9035,Metropolitan State College of Denver
9036,Metropolitan State University
9037,MGH Institute of Health Professions
9038,Miami Dade College
9039,Miami University of Ohio
9040,Miami University of Ohio - Hamilton
9041,Miami University of Ohio - Middletown
9042,Michigan School of Professional Psychology
9043,Michigan State University
9044,Michigan Technological University
9045,Mid-America Nazarene University
9046,Mid-American Bible College
9047,Mid-Continent Baptist Bible College
9048,Middlebury College
9049,Middle Tennessee State University
9050,Midland Lutheran College
9051,Midway College
9052,Midwestern State University
9053,Midwestern University
9054,Miles College
9055,Millennia Atlantic University
9056,Millersville University of Pennsylvania
9057,Milligan College
9058,Millikin University
9059,Millsaps College
9060,Mills College
9061,Mills Grae University
9062,Milwaukee Institute of Art and Design
9063,Milwaukee School of Engineering
9064,Minneapolis College of Art and Design
9065,Minnesota Bible College
9066,Minnesota School of Professional Psychology
9067,Minot State University
9068,Mississippi College
9069,Mississippi State University
9070,Mississippi University for Women
9071,Mississippi Valley State University
9072,Missouri Baptist College
9073,Missouri Southern State College
9074,Missouri Tech
9075,Missouri University of Science and Technology
9076,Missouri Valley College
9077,Missouri Western State College
9078,Molloy College
9079,Monmouth University
9080,Montana State University
9081,Montana State University - Billings
9082,Montana State University - Northern
9083,Montana Tech
9084,Montclair State University
9085,Monterey Institute of International Studies
9086,Montreat College
9087,Montserrat College of Art
9088,Moody Bible Institute
9089,Moore College of Art and Design
9090,Moorhead State University
9091,Moraine Valley Community College
9092,Moravian College
9093,Morehead State University
9094,Morehouse College
9095,Morehouse School of Medicine
9096,Morgan State University
9097,Morningside College
9098,Morris Brown College
9099,Morris College
9100,Morrison College
9101,Mountain State University
9102,Mount Aloysius College
9103,Mount Carmel College of Nursing
9104,Mount Holyoke College
9105,Mount Ida College
9106,Mount Marty College
9107,Mount Mary College
9108,Mount Mercy College
9109,Mount Olive College
9110,Mount Senario College
9111,Mount Sinai School of Medicine
9112,Mount St. Clare College
9113,Mount St. Mary College
9114,Mount St. Mary's College California
9115,Mount St. Mary's College Maryland
9116,Mount Union College
9117,Mount Vernon College
9118,Mount Vernon Nazarene College
9119,Muhlenberg College
9120,Multnomah Bible College
9121,Murray State University
9122,Muskingum College
9123,NAES College
9124,National American University
9125,"National American University, Albuquerque"
9126,"National American University, Colorado Springs"
9127,"National American University, Denver"
9128,"National American University, Kansas City"
9129,"National American University, Roseville"
9130,"National American University, Sioux Falls"
9131,National College of Chiropractic
9132,National College of Naturopathic Medicine
9133,National Defense University
9134,National Hispanic University
9135,National-Louis University
9136,National Technological University
9137,National Theatre Conservatory
9138,National University
9139,Naval Postgraduate School
9140,Nazarene Bible College
9141,Nazareth College
9142,Nebraska Christian College
9143,Nebraska Methodist College of Nursing and Allied Health
9144,Nebraska Wesleyan University
9145,Neumann College
9146,Newberry College
9147,New College of California
9148,New College of Florida
9149,New England College
9150,New England College of Optometry
9151,New England Conservatory of Music
9152,New England Institute of Technology
9153,New England School of Art and Design
9154,New England School of Communications
9155,New England School of Law
9156,New Hampshire College
9157,New Jersey City University
9158,New Jersey Institute of Technology
9159,Newman University
9160,New Mexico Highlands University
9161,New Mexico Institute of Mining and Technology
9162,New Mexico State University
9163,Newschool of Architecture and Design
9164,"New York Academy of Art, Graduate School of Figurative Art"
9165,New York Chiropractic College
9166,New York College of Podiatric Medicine
9167,New York Film Academy
9168,New York Institute of Technology
9169,New York Law School
9170,New York Medical College
9171,New York School of Interior Design
9172,New York University
9173,Niagara University
9174,Nicholls State University
9175,Nichols College
9176,Norfolk State University
9177,North Carolina Agricultural and Technical State University
9178,North Carolina Central University
9179,North Carolina School of the Arts
9180,North Carolina State University
9181,North Carolina Wesleyan College
9182,North Central Bible College
9183,North Central College
9184,Northcentral University
9185,North Dakota State University
9186,Northeastern Illinois University
9187,Northeastern Ohio University College of Medicine
9188,Northeastern State University
9189,Northeastern University
9190,Northern Arizona University
9191,Northern Illinois University
9192,Northern Kentucky University
9193,Northern Michigan University
9194,Northern State University
9195,Northern Virginia Community College
9196,Northface University
9197,North Georgia College
9198,North Greenville College
9199,Northland College
9200,North Park University
9201,Northwest Christian College
9202,Northwest College of Art
9203,Northwestern College Iowa
9204,Northwestern College of Chiropractic
9205,Northwestern College St. Paul
9206,Northwestern Oklahoma State University
9207,Northwestern State University of Louisiana
9208,Northwestern University
9209,Northwest Missouri State University
9210,Northwest Nazarene University
9211,Northwest University
9212,Northwood University
9213,"Northwood University, Florida Campus"
9214,"Northwood University, Texas Campus"
9215,Norwich University
9216,Notre Dame College
9217,Notre Dame College of Ohio
9218,Notre Dame de Namur University
9219,Nova Southeastern University
9220,Nyack College
9221,Oakland City University
9222,Oakland University
9223,Oakton Community College
9224,Oakwood College
9225,Oberlin College
9226,Occidental College
9227,Oglala Lakota College
9228,Oglethorpe University
9229,Ohio College of Podiatric Medicine
9230,Ohio Dominican College
9231,Ohio Northern University
9232,Ohio State University
9233,Ohio State University - Lima
9234,Ohio State University - Mansfield
9235,Ohio State University - Marion
9236,Ohio State University - Newark
9237,Ohio University
9238,Ohio University - Chillicothe
9239,Ohio University - Eastern
9240,Ohio University - Lancaster
9241,Ohio University - Southern
9242,Ohio University - Zanesville
9243,Ohio Valley College
9244,Ohio Wesleyan University
9245,Oklahoma Baptist University
9246,Oklahoma Christian University
9247,Oklahoma City University
9248,Oklahoma Panhandle State University
9249,Oklahoma State University
9250,Oklahoma State University Center for Health Sciences
9251,Oklahoma State University - Institute of Technology
9252,Oklahoma State University - Oklahoma City
9253,Oklahoma State University - Tulsa
9254,Old Dominion University
9255,Olive-Harvey College
9256,Olivet College
9257,Olivet Nazarene University
9258,O'More College of Design
9259,Oral Roberts University
9260,Oregon College of Arts and Crafts
9261,Oregon Graduate Institute of Science and Technology
9262,Oregon Health Sciences University
9263,Oregon Institute of Technology
9264,Oregon State University
9265,Otis College of Art & Design
9266,Ottawa University
9267,Otterbein College
9268,Ouachita Baptist University
9269,Our Lady of Holy Cross College
9270,Our Lady of the Lake University
9271,Ozark Christian College
9272,Pace University
9273,Pace University  Pleasantville/Briarcliff
9274,Pacifica Graduate Institute
9275,Pacific College of Oriental Medicine
9276,Pacific Graduate School of Psychology
9277,Pacific Lutheran University
9278,Pacific Northwest College of Art
9279,Pacific Oaks College
9280,Pacific Union College
9281,Pacific University
9282,Paier College of Art
9283,Paine College
9284,Palm Beach Atlantic University
9285,Palm Beach State College
9286,Palmer College of Chiropractic
9287,Palmer College of Chiropractic West
9288,Park College
9289,Parsons School of Design
9290,Paul Quinn College
9291,Peace College
9292,Pebble Hills University
9293,Pennsylvania Academy of the Fine Arts
9294,Pennsylvania College of Optometry
9295,Pennsylvania Institute of Technology
9296,Pennsylvania State University
9297,Pennsylvania State University - Abington
9298,Pennsylvania State University - Altoona
9299,Pennsylvania State University at Erie - Behrend College
9300,Pennsylvania State University at Harrisburg - The Capital College
9301,Pennsylvania State University - Berks-Lehigh Valley College
9302,Pennsylvania State University Delaware County
9303,Pennsylvania State University Great Valley
9304,Pennsylvania State University - Lehigh Valley
9305,Pennsylvania State University - Milton S.Hershey Medical Center
9306,Pennsylvania State University - Schuylkill
9307,Pepperdine University
9308,Peru State College
9309,Pfeiffer University
9310,Philadelphia College of Bible
9311,Philadelphia College of Osteopathic Medicine
9312,Philadelphia University
9313,Philander Smith College
9314,Phillips Graduate Institute
9315,Phillips University
9316,Piedmont Baptist College
9317,Piedmont College
9318,Pikeville College
9319,Pillsbury Baptist Bible College
9320,Pittsburg State University
9321,Pitzer College
9322,Plymouth State College
9323,Point Loma Nazarene College
9324,Point Park College
9325,Polytechnic University
9326,"Polytechnic University, Long Island Campus"
9327,"Polytechnic University, Westchester Graduate Center"
9328,Pomona College
9329,Portland Community College
9330,Portland State University
9331,Post University of Waterbury
9332,Prairie View Agricultural and Mechanical University
9333,Pratt Institute
9334,Presbyterian College
9335,Prescott College
9336,Preston University
9337,Princeton University
9338,Principia College
9339,Providence College
9340,Puget Sound Christian College
9341,Purdue University
9342,Purdue University Calumet
9343,Purdue University North Central
9344,Quantum-Veritas International University
9345,Queens College
9346,Quincy University
9347,Quinnipiac College
9348,Radford University
9349,Ramapo College of New Jersey
9350,Rand Graduate School of Policy Studies
9351,Randolph-Macon College
9352,Randolph-Macon Woman's College
9353,Rasmussen College
9354,"Rasmussen College, Florida Campuses"
9355,"Rasmussen College, Illinois Campuses"
9356,"Rasmussen College, Minnesota Campuses"
9357,"Rasmussen College, North Dakota Campuses"
9358,"Rasmussen College, Wisconsin Campuses"
9359,Reed College
9360,Reformed Bible College
9361,Regent International University
9362,Regent University
9363,Regis College
9364,Regis University
9365,Reinhardt College
9366,Rensselaer Polytechnic Institute
9367,Research College of Nursing - Rockhurst University
9368,Rhode Island College
9369,Rhode Island School of Design
9370,Rhodes College
9371,Rice University
9372,Richard Stockton College of New Jersey
9373,Rider University
9374,Ringling College of Art and Design
9375,Ripon College
9376,Rivier College
9377,Roanoke Bible College
9378,Roanoke College
9379,Robert Morris College
9380,Robert Morris College of Chicago
9381,Roberts Wesleyan College
9382,Rochester College
9383,Rochester Institute of Technology
9384,Rockford College
9385,Rockhurst College
9386,Rock Valley College
9387,Rocky Mountain College
9388,Rocky Mountain College of Art and Design
9389,Rogers State University
9390,Roger Williams University
9391,Rollins College
9392,Roosevelt University
9393,Rose-Hulman Institute of Technology
9394,Rosemont College
9395,"Ross University, School of Medicine"
9396,Rowan University
9397,Rush University
9398,Russel Sage College
9399,Rust College
9400,"Rutgers, The State University of New Jersey"
9401,"Rutgers, The State University of New Jersey - Camden"
9402,"Rutgers, The State University of New Jersey - Newark"
9403,Sacred Heart University
9404,Sage Graduate School
9405,Saginaw Valley State University
9406,Salem College
9407,Salem International University
9408,Salem State College
9409,Salem Teikyo University
9410,Salisbury State University
9411,Salve Regina University
9412,Samford University
9413,Sam Houston State University
9414,Samuel Merritt College
9415,San Diego State University
9416,San Diego University for Integrative Studies
9417,Sanford-Brown Institute
9418,San Francisco Art Institute
9419,San Francisco Conservatory of Music
9420,San Francisco State University
9421,San Joaquin College of Law
9422,San Jose Christian College
9423,San Jose State University
9424,Santa Clara University
9425,Sarah Lawrence College
9426,Savannah College of Art and Design
9427,Savannah State University
9428,Saybrook Institute
9429,Schiller International University
9430,Scholl College of Podiatric Medicine
9431,School for International Training
9432,School of the Museum of Fine Arts
9433,School of the Visual Arts
9434,Schreiner College
9435,Scripps College
9436,Seattle Pacific University
9437,Seattle University
9438,Seton Hall University
9439,Seton Hill College
9440,Shawnee Community College
9441,Shawnee State University
9442,Shaw University
9443,Sheldon Jackson College
9444,Shenandoah University
9445,Shepherd College
9446,Sherman College of Straight Chiropractic
9447,Shimer College
9448,Shippensburg University of Pennsylvania
9449,Shoreline Community College
9450,Shorter College
9451,Siena College
9452,Siena Heights University
9453,Sierra Nevada College
9454,Silver Lake College
9455,Simmons College
9456,Simon's Rock College
9457,Simpson College
9458,Simpson College Iowa
9459,Sinte Gleska University
9460,Skadron College
9461,Skidmore College
9462,Slippery Rock University
9463,Smith College
9464,Sojourner-Douglass College
9465,Soka University of America
9466,Sonoma State University
9467,South Carolina State University
9468,South Dakota School of Mines and Technology
9469,South Dakota State University
9470,Southeastern Baptist College
9471,Southeastern Bible College
9472,Southeastern College of the Assemblies of God
9473,Southeastern Louisiana University
9474,Southeastern Oklahoma State University
9475,Southeastern University
9476,Southeast Missouri State University
9477,Southern Adventist University
9478,Southern Arkansas University
9479,Southern California College
9480,Southern California College of Optometry
9481,Southern California Institute of Architecture
9482,Southern College of Optometry
9483,Southern Connecticut State University
9484,Southern Illinois University at Carbondale
9485,Southern Illinois University at Edwardsville
9486,Southern Methodist University
9487,Southern Nazarene University
9488,Southern New Hampshire University
9489,Southern Oregon University
9490,Southern Polytechnic State Univerisity
9491,Southern University - Baton Rouge
9492,Southern University - New Orleans
9493,Southern University - Shreveport
9494,Southern Utah University
9495,Southern Vermont College
9496,Southern Wesleyan University
9497,South Florida Bible College & Theological Seminary
9498,South Texas College of Law
9499,Southwest Baptist University
9500,Southwestern Adventist University
9501,Southwestern Assemblies of God University
9502,Southwestern Baptist Theological Seminary
9503,Southwestern Christian College
9504,Southwestern Christian University
9505,Southwestern College Kansas
9506,Southwestern College Santa Fe
9507,Southwestern Oklahoma State University
9508,Southwestern University
9509,Southwestern University School of Law
9510,Southwest Missouri State University
9511,Southwest Missouri State University - West Plains
9512,Southwest State University
9513,Southwest Texas State University
9514,Southwest University
9515,Spalding University
9516,Spelman College
9517,Spertus Institute of Jewish Studies
9518,Spring Arbor College
9519,Springfield College
9520,Spring Hill College
9521,St. Ambrose University
9522,Standford Online University
9523,Standford University
9524,St. Andrews Presbyterian College
9525,Stanford University
9526,St. Anselm College
9527,St. Anthony College of Nursing
9528,State University of New York at Albany
9529,State University of New York at Binghamton
9530,State University of New York at Buffalo
9531,State University of New York at New Paltz
9532,State University of New York at Oswego
9533,State University of New York at Stony Brook
9534,State University of New York College at Brockport
9535,State University of New York College at Cortland
9536,State University of New York College at Fredonia
9537,State University of New York College at Geneseo
9538,State University of New York College at Old Westbury
9539,State University of New York College at Oneonta
9540,State University of New York College at Plattsburgh
9541,State University of New York College at Potsdam
9542,State University of New York College at Purchase
9543,State University of New York College of Agriculture and Technology at Cobleskill
9544,State University of New York College of Environmental Science and Forestry
9545,State University of New York College of Optometry
9546,State University of New York College of Technology at Alfred
9547,State University of New York College of Technology at Farmingdale
9548,State University of New York Downstate Medical Center
9549,State University of New York Empire State College
9550,State University of New York Health Sience Centre Syracuse
9551,State University of New York Institute of Technology at Utica/Rome
9552,State University of New York Maritime College
9553,State University of New York School of Engineering and Applied Sciences
9554,State University of New York (SUNY)
9555,State University of New York Upstate Medical University 
9556,State University of West Georgia
9557,St. Augustine's College North Carolina
9558,St. Bernard's Institute
9559,St. Bonaventure University
9560,St. Cloud State University
9561,St. Edwards University
9562,Stefan University
9563,Stephen F. Austin State University
9564,Stephens College
9565,Sterling College
9566,Stetson University
9567,Stevens Institute of Technology
9568,"St. Francis College, Brooklyn Heights"
9569,"St. Francis College, Fort Wayne"
9570,"St. Francis College, Loretto"
9571,St. Francis Medical Center College of Nursing
9572,St. George's University
9573,Stillman College
9574,St. John Fisher College
9575,St. John's College Maryland
9576,St. John's College New Mexico
9577,St. John's Seminary
9578,St. John's University
9579,St. Joseph College
9580,St. Joseph College of Nursing
9581,St. Joseph's College
9582,St. Joseph's College New York
9583,"St. Joseph''s College New York, Suffolk Campus"
9584,St. Joseph's College of Maine
9585,St. Joseph's University
9586,St. Lawrence University
9587,St. Leo College
9588,St. Louis Christian College
9589,St. Louis College of Pharmacy
9590,St. Louis University
9591,St. Luke's College
9592,St. Martin's College
9593,St. Mary College
9594,St. Mary-of-the-Woods College
9595,St. Mary's College Indiana
9596,St. Mary's College of California
9597,St. Mary's College of Maryland
9598,St. Mary's University of Minnesota
9599,St. Mary's University of San Antonio
9600,St. Meinrad College
9601,St. Michael's College
9602,St. Norbert College
9603,St. Olaf College
9604,Stonehill College
9605,St. Paul's College
9606,St. Petersburg College
9607,St. Peter's College
9608,Strayer University
9609,St. Thomas Aquinas College
9610,St. Thomas University
9611,St. Vincent College
9612,St. Xavier University
9613,Suffolk University
9614,Sullivan College
9615,Sul Ross State University
9616,Susquehanna University
9617,Swarthmore College
9618,Sweet Briar College
9619,Syracuse University
9620,Tabor College
9621,Talladega College
9622,Tarleton State University
9623,Taylor University
9624,"Taylor University, Fort Wayne Campus"
9625,"Teachers College, Columbia University"
9626,Temple University
9627,Temple University School of Podiatric Medicine
9628,Tennessee State University
9629,Tennessee Technological University
9630,Tennessee Temple University
9631,Tennessee Wesleyan College
9632,Texas A&M International University
9633,Texas A&M University
9634,Texas A&M University - Commerce
9635,Texas A&M University - Corpus Christi
9636,Texas A&M University - Galveston
9637,Texas A&M University - Kingsville
9638,Texas A&M University - Texarkana
9639,Texas Chiropractic College
9640,Texas Christian University
9641,Texas College
9642,Texas College of Osteopathic Medicine
9643,Texas Lutheran University
9644,Texas Southern University
9645,Texas Tech University
9646,Texas Tech University Health Science Center
9647,Texas Wesleyan University
9648,Texas Woman's University
9649,The American College
9650,The Art Institute of Boston
9651,The Art Institutes International Portland
9652,The Art Institutes International San Francisco
9653,The Boston Conservatory
9654,The Catholic University of America
9655,The Chicago School of Professional Psychology
9656,The College of Insurance
9657,The College of New Jersey
9658,The College of Santa Fe
9659,The College of St. Scholastica
9660,The College of Westchester
9661,The College of Wooster
9662,The Cooper Union for the Advancement of Science and Art
9663,The Corcoran College of Art
9664,The Curtis Institute of Music
9665,The Defiance College
9666,The Dickinson School of Law
9667,The Illinois Institute of Art-Chicago
9668,The Johns Hopkins University
9669,The Juilliard School
9670,The Leadership Institute of Seattle
9671,"The Maryland Institute, College of Art"
9672,The Master's College
9673,The McGregor School of Antioch University
9674,The Naropa Institute
9675,The New School
9676,The Rockefeller University
9677,The School of the Art Institute of Chicago
9678,The Scripps Research Institute
9679,The Southern Christian University
9680,The Tulane University of New Orleans
9681,The Union Institute
9682,Thiel College
9683,Thomas A. Edison State College
9684,Thomas Aquinas College
9685,Thomas College Maine
9686,Thomas Jefferson University
9687,Thomas More College
9688,Thomas More College of Liberal Arts
9689,Thomas University
9690,Thunderbird School of Global Management
9691,Tiffin University
9692,Toccoa Falls College
9693,Tomball College
9694,Tougaloo College
9695,Touro College
9696,Touro University
9697,Towson University
9698,Transylvania University
9699,Trevecca Nazarene University
9700,Tri-College University
9701,Trident University
9702,Trinity Bible College
9703,Trinity Christian College
9704,Trinity College Connecticut
9705,Trinity College of Florida
9706,Trinity College of Vermont
9707,Trinity International University
9708,"Trinity International University (Excel), Miami"
9709,Trinity University
9710,Tri-State University
9711,Triton College
9712,Troy University
9713,"Troy University, Dothan"
9714,"Troy University, Montgomery"
9715,"Troy University, Phenix City"
9716,"Troy University, Troy"
9717,Truman College
9718,Truman State University
9719,Tufts University
9720,Tui Online University
9721,Tusculum College
9722,Tuskegee University
9723,Uniformed Services Universty of the Health Sciences
9724,Union College
9725,Union College Kentucky
9726,Union College Nebraska
9727,Union Theological Seminary (UTS)
9728,Union University
9729,United States Air Force Academy
9730,United States Coast Guard Academy
9731,United States International University
9732,United States Merchant Marine Academy
9733,United States Military Academy
9734,United States Naval Academy
9735,United States Sports Academy
9736,Unity College
9737,University of Advancing Technology (UAT)
9738,University of Akron
9739,University of Alabama - Birmingham
9740,University of Alabama - Huntsville
9741,University of Alabama - Tuscaloosa
9742,University of Alanta
9743,University of Alaska - Anchorage
9744,University of Alaska - Fairbanks
9745,University of Alaska - Southeast
9746,University of Alaska (System)
9747,University of Arizona
9748,University of Arkansas at Fayetteville
9749,University of Arkansas at Little Rock
9750,University of Arkansas at Monticello
9751,University of Arkansas at Pine Bluff
9752,University of Arkansas for Medical Sciences
9753,University of Arkansas (System)
9754,University of Baltimore
9755,University of Bridgeport
9756,"University of California, Berkeley"
9757,"University of California, Davis"
9758,"University of California, Hastings College of Law"
9759,"University of California, Irvine"
9760,"University of California, Los Angeles"
9761,"University of California, Merced"
9762,"University of California, Oakland"
9763,"University of California, Riverside"
9764,"University of California, San Diego"
9765,"University of California, San Francisco"
9766,"University of California, Santa Barbara"
9767,"University of California, Santa Cruz"
9768,University of California System
9769,University of Central Arkansas
9770,University of Central Florida
9771,University of Central Missouri
9772,University of Central Oklahoma
9773,University of Central Texas
9774,University of Charleston
9775,University of Charleston South Carolina
9776,University of Chicago
9777,University of Cincinnati
9778,University of Colorado at Boulder
9779,University of Colorado at Colorado Springs
9780,University of Colorado at Denver
9781,University of Colorado Health Sciences Center
9782,University of Connecticut
9783,University of Connecticut at Avery Point
9784,University of Connecticut at Hartford
9785,University of Connecticut at Stamford
9786,University of Connecticut at Waterbury
9787,University of Connecticut Health Center
9788,University of Dallas
9789,University of Dayton
9790,University of Delaware
9791,University of Denver
9792,University of Detroit Mercy
9793,University of Dubuque
9794,University of Evansville
9795,University of Findlay
9796,University of Florida
9797,University of Georgia
9798,University of Great Falls
9799,University of Hartford
9800,University of Hawaii - Hilo
9801,University of Hawaii - Manoa
9802,University Of Hawaii - System
9803,University of Hawaii - West Oahu
9804,University of Health Sciences
9805,University of Houston
9806,"University of Houston, Clear Lake"
9807,"University of Houston, Downtown"
9808,"University of Houston, Victoria"
9809,University of Idaho
9810,University of Illinois
9811,University of Illinois at Chicago
9812,University of Illinois at Springfield
9813,University of Illinois at Urbana-Champaign
9814,University of Indianapolis
9815,University of Iowa
9816,University of Kansas
9817,University of Kentucky
9818,University of La Verne
9819,University of Louisiana at Lafayette
9820,University of Louisiana at Monroe
9821,University of Louisville
9822,"University of Maine, Augusta"
9823,"University of Maine, Farmington"
9824,"University of Maine, Fort Kent"
9825,"University of Maine, Machias"
9826,"University of Maine, Orono"
9827,"University of Maine, Presque Isle"
9828,University of Maine (System)
9829,University of Management & Technology
9830,University of Mary
9831,University of Mary Hardin-Baylor
9832,University of Maryland at Baltimore
9833,University of Maryland at College Park
9834,University of Maryland Baltimore County
9835,University of Maryland Eastern Shore
9836,University of Maryland Medicine
9837,University of Maryland (System)
9838,University of Maryland University College
9839,University of Massachusetts at Amherst
9840,University of Massachusetts at Boston
9841,University of Massachusetts at Dartmouth
9842,University of Massachusetts at Lowell
9843,University of Massachusetts Medical Center at Worcester
9844,University of Massachusetts (System)
9845,University of Medicine and Dentistry of New Jersey
9846,University of Memphis
9847,University of Miami
9848,University of Michigan - Ann Arbor
9849,University of Michigan - Dearborn
9850,University of Michigan - Flint
9851,University of Minnesota - Crookston
9852,University of Minnesota - Duluth
9853,University of Minnesota - Morris
9854,University of Minnesota - Twin Cities Campus
9855,University of Mississippi
9856,University of Mississippi Medical Center
9857,University of Missouri - Columbia
9858,University of Missouri - Kansas City
9859,University of Missouri - Saint Louis
9860,University of Mobile
9861,University of Montana
9862,University of Montana Western
9863,University of Montevallo
9864,University of Nebraska - Kearney
9865,University of Nebraska - Lincoln
9866,University of Nebraska Medical Center
9867,University of Nebraska - Omaha
9868,University of Nebraska (System)
9869,University of Nevada - Las Vegas
9870,University of Nevada - Reno
9871,University of New England
9872,"University of New England, Westbrook College Campus"
9873,University of New Hampshire
9874,University of New Hampshire - Manchester
9875,University of New Haven
9876,University of New Mexico
9877,University of New Orleans
9878,University of North Alabama
9879,University of North America
9880,University of North Carolina at Asheville
9881,University of North Carolina at Chapel Hill
9882,University of North Carolina at Charlotte
9883,University of North Carolina at Greensboro
9884,University of North Carolina at Pembroke
9885,University of North Carolina at Wilmington
9886,University of North Dakota
9887,University of Northern Colorado
9888,University of Northern Iowa
9889,University of Northern Virginia
9890,University of Northern Washington
9891,University of North Florida
9892,University of North Texas
9893,University of North Texas Health Science Center at Fort Worth
9894,University of NorthWest
9895,University of Notre Dame
9896,University of Oklahoma
9897,University of Oklahoma Health Sciences Center
9898,University of Oregon
9899,University of Osteopathic Medicine and Health Science
9900,University of Pennsylvania
9901,University of Phoenix
9902,University of Pittsburgh
9903,University of Pittsburgh at Bradford
9904,University of Pittsburgh at Greensburg
9905,University of Pittsburgh at Johnstown
9906,University of Portland
9907,University of Puget Sound
9908,University of Redlands
9909,University of Rhode Island
9910,University of Richmond
9911,University of Rio Grande
9912,University of Rochester
9913,University of San Diego
9914,University of San Francisco
9915,University of Science and Arts of Oklahoma
9916,University of Scranton
9917,University of Sioux Falls
9918,University of South Alabama
9919,University of South Carolina
9920,University of South Carolina - Aiken
9921,University of South Carolina - Beaufort
9922,University of South Carolina - Lancaster
9923,University of South Carolina - Salkehatchie
9924,University of South Carolina - Spartanburg
9925,University of South Carolina - Sumter
9926,University of South Carolina - Union
9927,University of South Dakota
9928,University of Southern California
9929,University of Southern Indiana
9930,University of Southern Maine
9931,University of Southern Mississippi
9932,University of South Florida
9933,University of St. Francis
9934,"University of St. Thomas, Houston"
9935,"University of St. Thomas, St. Paul"
9936,University of Tampa
9937,University of Tennessee - Chattanooga
9938,University of Tennessee - Knoxville
9939,University of Tennessee - Martin
9940,University of Tennessee - Memphis
9941,University of Tennessee Space Institute
9942,University of Texas
9943,University of Texas at Arlington
9944,University of Texas at Austin
9945,University of Texas at Brownsville
9946,University of Texas at Dallas
9947,University of Texas at El Paso
9948,University of Texas at San Antonio
9949,University of Texas at Tyler
9950,University of Texas Health Center at Houston
9951,University of Texas Health Center at Tyler
9952,University of Texas Health Science Center at San Antonio
9953,University of Texas M.D. Anderson Cancer Center
9954,University of Texas Medical Branch Galveston
9955,University of Texas of the Permian Basin
9956,University of Texas Pan American
9957,University of Texas Southwestern Medical Center at Dallas
9958,University of the Arts
9959,University of the District of Columbia
9960,University of the Incarnate World
9961,University of the Ozarks
9962,University of the Pacific
9963,University of the Sciences in Philadelphia
9964,University of the South
9965,University of the Southwest
9966,University of Toledo
9967,University of Tulsa
9968,University of Utah
9969,University of Vermont
9970,University of Virginia
9971,"University of Virginia, College at Wise"
9972,University of Washington
9973,"University of Washington, Tacoma"
9974,University of West Alabama
9975,University of West Florida
9976,University of West Los Angeles
9977,University of Wisconsin - Eau Claire
9978,University of Wisconsin - Green Bay
9979,University of Wisconsin - La Crosse
9980,University of Wisconsin - Madison
9981,University of Wisconsin - Milwaukee
9982,University of Wisconsin - Oshkosh
9983,University of Wisconsin - Parkside
9984,University of Wisconsin - Platteville
9985,University of Wisconsin - River Falls
9986,University of Wisconsin - Stevens Point
9987,University of Wisconsin - Stout
9988,University of Wisconsin - Superior
9989,University of Wisconsin - Whitewater
9990,University of Wyoming
9991,Upper Iowa University
9992,Urbana University
9993,Ursinus College
9994,Ursuline College
9995,Utah State University
9996,Utah Valley State College
9997,Utica College
9998,Valdosta State University
9999,Valley City State University
10000,Valley Forge Christian College
10001,Valparaiso University
10002,Vanderbilt University
10003,VanderCook College of Music
10004,Vanguard University of Southern California
10005,Vassar College
10006,Vennard College
10007,Vermont Law School
10008,Vermont Technical College
10009,Villa Julie College
10010,Villanova University
10011,Virginia College
10012,Virginia Commonwealth University
10013,Virginia Intermont College
10014,Virginia International University
10015,Virginia Military Institute
10016,Virginia Polytechnic Institute and State University (Virginia Tech)
10017,Virginia State University
10018,Virginia Union University
10019,Virginia Wesleyan College
10020,Viterbo College
10021,Voorhees College
10022,Wabash College
10023,Wagner College
10024,Wake Forest University
10025,Walden University
10026,Walla Walla College
10027,Walsh College of Accountancy and Business Administration
10028,Walsh University
10029,Warner Pacific College
10030,Warner Southern College
10031,Warren Wilson College
10032,Wartburg College
10033,Washburn University
10034,Washington and Lee University
10035,Washington Bible College
10036,Washington College
10037,Washington State University
10038,"Washington State University, Spokane"
10039,"Washington State University, Tri-Cities"
10040,"Washington State University, Vancouver"
10041,Washington University in St. Louis
10042,Wayland Baptist University
10043,Waynesburg College
10044,Wayne State College
10045,Wayne State University
10046,Webber College
10047,Webb Institute
10048,Weber State University
10049,Webster University
10050,Webster University North Florida
10051,Weill Medical College of Cornell University
10052,Wellesley College
10053,Wells College
10054,Wentworth Institute of Technology
10055,Wesleyan College
10056,Wesleyan University
10057,Wesley College
10058,Wesley College Mississippi
10059,Westbrook University 
10060,West Chester University of Pennsylvania
10061,West Coast University
10062,Western Baptist College
10063,Western Bible College
10064,Western Carolina University
10065,Western Connecticut State University
10066,Western Governors University
10067,Western Illinois University
10068,Western International University
10069,Western Kentucky University
10070,Western Maryland College
10071,Western Michigan University
10072,Western New England College
10073,Western New Mexico University
10074,Western Oregon University
10075,Western State College
10076,Western States Chiropractic College
10077,Western State University College of Law
10078,Western State University College of Law - Orange County
10079,Western Washington University
10080,Westfield State College
10081,West Liberty State College
10082,Westminster College Fulton
10083,Westminster College New Wilmington
10084,Westminster College of Salt Lake City
10085,Westmont College
10086,West Suburban College of Nursing
10087,West Texas A&M University
10088,West Virginia School of Osteopathic Medicine
10089,West Virginia State College
10090,West Virginia University
10091,West Virginia University Institute of Technology
10092,West Virginia Wesleyan College
10093,Westwood College
10094,Wheaton College Massachusetts
10095,Wheeling Jesuit University
10096,Wheelock College
10097,Whitman College
10098,Whittier College
10099,Whitworth College
10100,Wichita State University
10101,Widener University
10102,Wilberforce University
10103,Wilbur Wright College
10104,Wiley College
10105,Wilkes University
10106,Willamette University
10107,William Carey College
10108,William Jewell College
10109,William Mitchell College of Law
10110,William Paterson University
10111,William Penn College
10112,Williams Baptist College
10113,Williams College
10114,William Tyndale College
10115,William Woods University
10116,Wilmington College
10117,Wilson College
10118,Wingate University
10119,Winona State University
10120,Winston-Salem State University
10121,Winthrop University
10122,Wisconsin Lutheran College
10123,Wisconsin School of Professional Psychology
10124,Wittenberg University
10125,Wofford College
10126,Woodbury University
10127,Worcester Polytechnic Institute
10128,Worcester State College
10129,Wright Institute
10130,Wright State University
10131,Xavier University
10132,Xavier University of Louisiana
10133,Yale University
10134,Yeshiva University
10135,York College Nebraska
10136,York College of Pennsylvania
10137,Yorker International University
10138,York University
10139,Youngstown State University
