shedeursanders,12345678,Athlete,shedeursanders@gmail.com
michaelpenixjr,12345678,Athlete,michaelpenixjr@gmail.com
jaydendaniels,12345678,Athlete,jaydendaniels@gmail.com
carsonbeck,12345678,Athlete,carsonbeck@gmail.com
braydenschager,12345678,Athlete,braydenschager@gmail.com
bradycook,12345678,Athlete,braddycook@gmail.com
calebwilliams,12345678,Athlete,calebwilliams@gmail.com
braydenfowler,12345678,Athlete,braydenfowler@gmail.com
tjfinley,12345678,Athlete,tjfinley@gmail.com
tauliatagovailoa,12345678,Athlete,tauliatagovailoa@gmail.com
jacobzeno,12345678,Athlete,jacobzeno@gmail.com
drakemaye,12345678,Athlete,drakemaye@gmail.com
jackplummer,12345678,Athlete,jackplummer@gmail.com
grahammertz,12345678,Athlete,grahammertz@gmail.com
davisbrin,12345678,Athlete,davisbrin@gmail.com
dillongabriel,12345678,Athlete,dillongabriel@gmail.com
samhartman,12345678,Athlete,samhartman@gmail.com
jtdaniels,12345678,Athlete,jtdaniels@gmail.com
nicholasvattiato,12345678,Athlete,nicholasvattiato@gmail.com
bonix,12345678,Athlete,bonix@gmail.com
kimanividal,12345678,Athlete,kimanividal@gmail.com
ashtonjeanty,12345678,Athlete,ashtonjeanty@gmail.com
penyboone,12345678,Athlete,penyboone@gmail.com
audricestime,12345678,Athlete,audricestime@gmail.com
tahjbrooks,12345678,Athlete,tahjbrooks@gmail.com
raydavis,12345678,Athlete,raydavis@gmail.com
emanibailey,12345678,Athlete,emanibailey@gmail.com
marcuscarroll,12345678,Athlete,marcuscarroll@gmail.com
jonathonbrooks,12345678,Athlete,jonathonbrooks@gmail.com
ismailmahdi,12345678,Athlete,ismailmahdi@gmail.com
omarionhampton,12345678,Athlete,omarionhampton@gmail.com
logandiggs,12345678,Athlete,logandiggs@gmail.com
thomascastellanos,12345678,Athlete,thomascastellanos@gmail.com
lequintallen,12345678,Athlete,lequintallen@gmail.com
makhihughes,12345678,Athlete,makhihughes@gmail.com
kaidonsalter,12345678,Athlete,kaidonsalter@gmail.com
devinmockobee,12345678,Athlete,devinmockobee@gmail.com
buckyirving,12345678,Athlete,buckyirving@gmail.com
blakecorum,12345678,Athlete,blakecorum@gmail.com
marshawnlloyd,12345678,Athlete,marshawnlloyd@gmail.com
graysonmccall,12345678,Athlete,graysonmccall@gmail.com
joeyaguilar,12345678,Athlete,joeyaguilar@gmail.com
benbryant,12345678,Athlete,benbryant@gmail.com
prestonstone,12345678,Athlete,prestonstone@gmail.com
willhoward,12345678,Athlete,willhoward@gmail.com
jordantravis,12345678,Athlete,jordantravis@gmail.com
wesleywilliams,12345678,Athlete,wesleywilliams@gmail.com
ikelarsen,12345678,Athlete,ikelarsen@gmail.com
matthewdennis,12345678,Athlete,matthewdennis@gmail.com
johnlove,12345678,Athlete,johnlove@gmail.com
ajhoggard,12345678,Athlete,ajhoggard@gmail.com
maxfiedler,12345678,Athlete,maxfiedler@gmail.com
reecebeekman,12345678,Athlete,reecebeekman@gmail.com
elijahhawkins,12345678,Athlete,elijahhawkins@gmail.com
primospears,12345678,Athlete,primospears@gmail.com
andrejacksonjr,12345678,Athlete,andrejacksonjr@gmail.com
adembona,12345678,Athlete,adembona@gmail.com
berkebuyuktuncel,12345678,Athlete,berkebuyuktuncel@gmail.com
efegucoglu,12345678,Athlete,efegucoglu@gmail.com
stanleyborden,12345678,Athlete,stanleyborden@gmail.com
emirbuyukhanli,12345678,Athlete,emirbuyukhanli@gmail.com
derinsaran,12345678,Athlete,derinsaran@gmail.com
zachedey,12345678,Athlete,zachedey@gmail.com
joshuamorgan,12345678,Athlete,joshuamorgan@gmail.com
amariwilliams,12345678,Athlete,amariwilliams@gmail.com
justinabson,12345678,Athlete,justinabson@gmail.com
donovanclingan,12345678,Athlete,donovanclingan@gmail.com
akokakok,12345678,Athlete,akokakok@gmail.com
hunterdickinson,12345678,Athlete,hunterdickinson@gmail.com
zachaustin,12345678,Athlete,zachaustin@gmail.com
adamasanogo,12345678,Athlete,adamasanogo@gmail.com
elijahpepper,12345678,Athlete,elijahpepper@gmail.com
caleblove,12345678,Athlete,caleblove@gmail.com
seanpedulla,12345678,Athlete,seanpedulla@gmail.com
sionjames,12345678,Athlete,sionjames@gmail.com
elifistanbulluoglu,12345678,Athlete,elifistanbulluoglu@gmail.com
derinerdogan,12345678,Athlete,derinerdogan@gmail.com
caitlinclark,12345678,Athlete,caitlinclark@gmail.com
angelreese,12345678,Athlete,angelreese@gmail.com
haileyvanlith,12345678,Athlete,haileyvanlith@gmail.com
abbeyhsu,12345678,Athlete,abbeyhsu@gmail.com
cameronbrink,12345678,Athlete,cameronbrink@gmail.com
rayahmarshall,12345678,Athlete,rayahmarshall@gmail.com
amiyajoyner,12345678,Athlete,amiyajoyner@gmail.com
kamillacardoso,12345678,Athlete,kamillacardoso@gmail.com
caitlinweimar,12345678,Athlete,caitlinweimar@gmail.com
mariagakdeng,12345678,Athlete,mariagakdeng@gmail.com
phillipinakyei,12345678,Athlete,phillipinakyei@gmail.com
danaemcneal,12345678,Athlete,danaemcneal@gmail.com
leilanikapinus,12345678,Athlete,leilanikapinus@gmail.com
elliemitchell,12345678,Athlete,elliemitchell@gmail.com
aaliyahcollins,12345678,Athlete,aaliyahcollins@gmail.com
maleiabracone,12345678,Athlete,maleiabracone@gmail.com
diabakonate,12345678,Athlete,diabakonate@gmail.com
tiarrabrown,12345678,Athlete,tiarrabrown@gmail.com
deedeehagemann,12345678,Athlete,deedeehagemann@gmail.com
cotiemcmahon,12345678,Athlete,cotiemcmahon@gmail.com
mekkenaboyd,12345678,Athlete,mekkenaboyd@gmail.com
naudiaevans,12345678,Athlete,naudiaevans@gmail.com
nikkitom,12345678,Athlete,nikkitom@gmail.com
jasonshokalook,12345678,Athlete,jasonshokalook@gmail.com
tyresespicer,12345678,Athlete,tyresespicer@gmail.com
forsterajago,12345678,Athlete,forsterajago@gmail.com
luisflores,12345678,Athlete,luisflores@gmail.com
alexharris,12345678,Athlete,alexharris@gmail.com
alechughes,12345678,Athlete,alechughes@gmail.com
camilazzamruiz,12345678,Athlete,camilazzamruiz@gmail.com
taylorcalheira,12345678,Athlete,taylorcalheira@gmail.com
ryancarmichael,12345678,Athlete,ryancarmichael@gmail.com
jelldrikdallmann,12345678,Athlete,jelldrikdallmann@gmail.com
loganfarrington,12345678,Athlete,loganfarrington@gmail.com
nicolaschateau,12345678,Athlete,nicolaschateau@gmail.com
pietrofontana,12345678,Athlete,pietrofontana@gmail.com
halelombard,12345678,Athlete,halelombard@gmail.com
jamesmorris,12345678,Athlete,jamesmorris@gmail.com
dylansing,12345678,Athlete,dylansing@gmail.com
benzakowski,12345678,Athlete,benzakowski@gmail.com
jacobbabalai,12345678,Athlete,jacobbabalai@gmail.com
marcuscaldeira,12345678,Athlete,marcuscaldeira@gmail.com
nikolairojel,12345678,Athlete,nikolairojel@gmail.com
stephengyamfi,12345678,Athlete,stephengyamfi@gmail.com
danielittycheria,12345678,Athlete,danielittycheria@gmail.com
lukeeberle,12345678,Athlete,lukeeberle@gmail.com
barzeeblama,12345678,Athlete,barzeeblama@gmail.com
jacobmurrell,12345678,Athlete,jacobmurrell@gmail.com
eleanordale,12345678,Athlete,eleanordale@gmail.com
giannagourley,12345678,Athlete,giannagourley@gmail.com
leximissimo,12345678,Athlete,leximissimo@gmail.com
trinitybyars,12345678,Athlete,trinitybyars@gmail.com
kellibeiler,12345678,Athlete,kellibeiler@gmail.com
meleaearley,12345678,Athlete,meleaearley@gmail.com
oliviafout,12345678,Athlete,oliviafout@gmail.com
jasminehamid,12345678,Athlete,jasminehamid@gmail.com
eceturkoglu,12345678,Athlete,eceturkoglu@gmail.com
ashleymerrill,12345678,Athlete,ashleymerrill@gmail.com
taylorwhite,12345678,Athlete,taylorwhite@gmail.com
catherinebarry,12345678,Athlete,catherinebarry@gmail.com
jessiehunt,12345678,Athlete,jessiehunt@gmail.com
megboade,12345678,Athlete,megboade@gmail.com
aoikataoka,12345678,Athlete,aoikataoka@gmail.com
josefinehasbo,12345678,Athlete,josefinehasbo@gmail.com
nayamarcil,12345678,Athlete,nayamarcil@gmail.com
josieaulicino,12345678,Athlete,josieaulicino@gmail.com
jennatobia,12345678,Athlete,jennatobia@gmail.com
nikaylasmall,12345678,Athlete,nikaylasmall@gmail.com
izziwood,12345678,Athlete,izziwood@gmail.com
pietratordin,12345678,Athlete,pietratordin@gmail.com
mayadoms,12345678,Athlete,mayadoms@gmail.com
allysentnor,12345678,Athlete,allysentnor@gmail.com
brittanyraphino,12345678,Athlete,brittanyraphino@gmail.com